Title,Date,Summary
"OJK Bekukan 1.001 Entitas Ilegal, 850 Ternyata Pinjol Ilegal",19 August 2024 14:20,"Jakarta, CNBC Indonesia- Satuan Tugas Pemberantasan Aktivitas Keuangan Ilegal (Satgas PASTI) berhasil mengidentifikasi 850 entitas pinjaman online ilegal dan sejumlah aktivitas keuangan ilegal lainnya yang berpotensi merugikan masyarakat dan melanggar ketentuan penyebaran data pribadi selama periode Juni hingga Juli 2024.Diantara nama 850 pinjol ilegal tersebut terdapat nama-nama aplikasi seperti CashInd - Pinjaman Uang Tunai Dana Mudah & Cepat, Pinjam Petir - Pinjaman Bunga endah Dan Cepat Bunga Pinjam, Bunga Matahari, Bunga Merah, Senang Dana-pinjaman uang tanpa jaminan dana cepat hingga Pinjam Kilat.Tidak hanya itu, Satgas PASTI juga memblokir 65 tawaran investasi ilegal yang terindikasi sebagai penipuan dengan modus peniruan atau duplikasi nama produk, situs, maupun media sosial milik entitas resmi."
"Bitcoin Diguyur Banyak Sentimen Positif, Pasar Kripto Malah Merah",19 August 2024 09:45,"Jakarta, CNBC Indonesia -Pasar kripto mengalami pelemahan pada hari ini, Senin(19/8/2024)."
Kisah Negara Kecil Mendadak Kaya Raya Berkat Bitcoin,17 August 2024 20:10,"Jakarta, CNBC Indonesia -El Salvador digadang-gadang bisa menjadi salah satu negara terkaya di dunia."
"Ngenes! Sosok Ini Dapat Durian Runtuh Rp163 M, Tapi Berakhir Dipenjara",16 August 2024 12:50,"Jakarta, CNBC Indonesia- Memiliki uang banyak tentu bisa membawa kebahagiaan."
"Kripto Turun Berjamaah, Pasar Khawatir Hal Ini",16 August 2024 07:05,"Jakarta, CNBC Indonesia -Pasar kripto mengalami pelemahan pada hari ini, Jumat(16/8/2024) diikuti dengan kekhawatiranyang kembali muncul tentang distribusi token oleh Mt."
"Pemerintah AS Pindahkan 10.000 BTC, Pasar Kripto Kena Syok",15 August 2024 08:51,"Jakarta, CNBC Indonesia -Pasar kripto bergerak mix pada hari ini, Kamis (15/8/2024) setelah pemerintah Amerika Serikat (AS) berbuat ulah dengan memindahkan Bitcoin yang dimiliki.Merujuk dariCoinMarketCappada Kamis (15/8/2024) pukul 08:22 WIB, pasar kripto bergerak variatif dengan tendensi melemah."
"Sempat Turun ke US$ 49.000, Bitcoin Bisa Jaga Tren Kenaikan Harga?",14 August 2024 18:00,"Jakarta, CNBC Indonesia- Bitcoin kembali menjadi sorotan setelah sempat merosot ke US$49.000 dan naik ke level US$60.000-an selama sepekan terakhir."
"ETF Ethereum Spot Catat Inflow Rp80 Miliar, Pasar Kripto Kompak Hijau",14 August 2024 06:55,"Jakarta, CNBC Indonesia -Pasar kripto kompak menguat pada hari ini, Rabu (14/8/2024) setelah dana yang diperdagangkan di bursa Amerika Serikat (ETF Ethereum Spot) mulai tercatatnet inflow.Merujuk dariCoinMarketCappada Rabu (14/8/2024) pukul 04:43 WIB, pasar kripto kompak naik."
Buka-bukaan Mirza Soal Kondisi Asuransi & Kesiapan OJK Awasi Kripto Cs,13 August 2024 19:02,"Jakarta, CNBC Indonesia-Otoritas Jasa Keuangan (OJK) mencatat kinerja sektor jasa keuangan yang masih tumbuh positif sepanjang 2024 dengan pertumbuhan kredit perbankan 12,3% di H1-2024.Wakil Ketua Dewan Komisioner OJK, Mirza Adityaswara menyebutkan Gross NPL perbankan sebesar 2,26% per Juni 2024 atau jauh lebih baik dibanding periode pra pandemi sebesar 2,5%."
"Skema Ponzi Penipuan Kripto Rp 10 T, Regulator AS Gugat NovaTech",13 August 2024 17:15,"Jakarta, CNBC Indonesia- Komisi Sekuritas dan Bursa Amerika Serikat (AS) menggugat perusahaan mata uang kripto NovaTech dan salah satu pendirinya karena mereka telah menipu lebih dari 200 juta investor di seluruh dunia senilai US$ 650 juta atau setra Rp 10,4 triliun (asumsi kurs Rp 16.000/US$), termasuk banyak orang Amerika keturunan Haiti.Mengutip Reuters, NovaTech dan salah satu pendirinya, Cynthia dan Eddy Petion, diduga menjanjikan para investor bahwa uang mereka akan aman."
"Crypto Wallet Ini Tembus 30 Juta Pengguna, Naik 50% dalam 4 Bulan",13 August 2024 12:56,"Jakarta, CNBC Indonesia -Bitget Wallet, yang merupakan dompet Web3 memiliki 30 juta pengguna, rekor baru untuk pengunduhan aplikasi global di bulan Juli 2024, melampaui pertumbuhan MetaMask di bulan tersebut.Sejak melampaui 20 juta pengguna pada Maret 2024, Bitget Wallet telah melonjak dengan pertumbuhan 50% hanya dalam waktu 4 bulan."
Bos Bursa Blak-Blakan Penyebab IHSG Kurang Tenaga Tahun Ini,13 August 2024 08:50,"Jakarta, CNBC Indonesia- Direktur Utama BEI Iman Rachman mengatakan kinerja pasar modal sangat terkait dengan isu domestik dan global.""Kita ketahui bersama bahwa kinerja pasar modal kita, Indeks, RNTH (rata-rata nilai transaksi harian) dan sebagainya sangat berpengaruh terkait dengan isu-isu yang terjadi, baik isu domestik maupun isu global,"" ujar Iman saat konferensi pers HUT ke-47 Tahun Pasar Modal RI, Senin (12/8/2024).Ia menjabarkan isu domestik yang memengaruhi pergerakan pasar modal adalah pelemahan nilai tukar rupiah terhadap dolar Amerika Serikat (AS)."
"Paus Ini Setor Rp 200 Miliar ETH, Pasar Kripto Sambut Positif",13 August 2024 07:30,"Jakarta, CNBC Indonesia -Pasar kripto kompak menguat pada hari ini, Selasa (13/8/2024) setelah terpantau terdapat whale yang menyetor lebih dari Rp200 miliar Ethereum.Merujuk dariCoinMarketCappada Selasa (13/8/2024) pukul 05:09 WIB, pasar kripto naik secara kompak."
Video: Prabowo Janji Lanjutkan IKN Hingga Bandar Kripto Bangkrut,12 August 2024 21:00,"Jakarta, CNBC Indonesia -Menteri Pertahanan sekaligus Presiden terpilih Prabowo Subianto mengungkapkan komitmennya untuk melanjutkan proyek IKN."
"Seperti Sulap, Harga BItcoin Terbang Ratusan Juta dalam Sekejap",12 August 2024 14:47,"Jakarta, CNBC Indonesia -Bitcoin (BTC) menjadi perbincangan yang cukup menarik belakangan ini setelah sempat ambruk hingga di bawah level US$50.000 dan naik hingga di atas level US$60.000 dalam waktu singkat.Dilansir dariRefinitiv, per 11 Agustus 2024, Bitcoin ditutup di angka US$58.513 dan hari ini (12/8/2024) pukul 12:58 WIB mengalami kenaikan 0,08% ke angka US$58.566.Sebelumnya, Bitcoin sempat mengalami penurunan selama empat hari beruntun yakni sejak 2 Agustus hingga 5 Agustus 2024."
Bandar Kripto Bangkrut Diminta Bayar Denda Rp 203 Triliun,12 August 2024 10:15,"Jakarta, CNBC Indonesia- Platform perdagangan kripto yang sudah bangkrut, FTX dan Alameda Research diminta untuk membayar US$ 12,7 miliar atau setara Rp 203,2 triliun."
Traditional Financee & DeFi Jadi Ancaman? Pasar Kripto Dibuka Merah,12 August 2024 09:40,"Jakarta, CNBC Indonesia -Pasar kripto kompak melemah pada hari ini, Senin (12/8/2024)."
Pejabat OJK Blak-blakan Pernah Jadi Korban Penipuan Lewat instagram,10 August 2024 11:46,"Jakarta, CNBC Indonesia- Otoritas Jasa Keuangan (OJK) terus meminta agar masyarakat berhati-hati terhadap penipuan yang makin beragam motifnya.Kepala Eksekutif Pengawas Perilaku Pelaku Usaha Jasa Keuangan, Edukasi, dan Perlindungan Konsumen Otoritas Jasa Keuangan (OJK), Friderica Widyasari Dewi mengaku pernah menjadi korban penipuan.Wanita yang akrab disapa Kiki ini mengaku, dirinya pernah menjadi korban penipuan melalui akun sosial medianya."
Cek Beda Rupiah Digital dan Uang Elektronik,09 August 2024 17:40,"Jakarta, CNBC Indonesia -Gubernur Bank Indonesia (BI) Perry Warjiyo mengungkapkan dalam lima tahun ke depan, Indonesia akan memiliki 3 jenis mata uang, yakni uang kertas, uang elektronik, dan uang digital.Alasan ini pula yang membuat peluncuran Rupiah Digital masuk dalam blueprint BI untuk 5 tahun ke depan.""Sehingga next 5 tahun ke depan, ada 3 jenis uang yang BI harus keluarkan,"" ujar dia, dalam acara Peluncuran Blueprint Sistem Pembayaran Indonesia 2030, di Jakarta Convention Center, dikutip Senin (5/8/2024).Perry mengatakan rencana penerbitan Rupiah Digital ini telah memasuki tahap akhir."
Kripto Bisa Jadi Agunan Bank? Ini Kata Bos OJK,09 August 2024 15:20,"Jakarta, CNBC Indonesia -Sebentar lagi, pengawasan perdagangan aset kripto bakal berpindah ke Otoritas Jasa Keuangan (OJK)."
"Banyak Dibilang Kemahalan, OJK Buka Wacana Sesuaikan Pajak Kripto",09 August 2024 14:30,"Jakarta, CNBC Indonesia -Pungutan pajak kripto yang terlalu mahal sempat menjadi bahasan hangat para investor."
"Setelah Jadi Pengawas Kripto, OJK Akan Lakukan Ini",09 August 2024 14:20,"Jakarta, CNBC Indonesia- Proses transisi pengawasan kripto oleh Badan Pengawas Perdagangan Berjangka Komoditi (Bappebti) ke Otoritas Jasa Keuangan (OJK) akan terjadi mulai 2025."
Bos OJK Beberkan Soal Formasi Anggota Anti Scam Center,09 August 2024 13:55,"Jakarta, CNBC Indonesia- Otoritas Jasa Keuangan (OJK) mengungkapkan bahwa pengaduan lembaga jasa keuangan nantinya akan terintegrasi satu pintu melalui Anti Scam Center yang tengah dirancang."
Bandar Kripto Bangkrut Mau Bagi-bagi Duit Rp 202 T,09 August 2024 13:35,"Jakarta, CNBC Indonesia -Layanan pertukaran mata uang kripto FTX yang dinyatakan bangkrut akan membayar kerugian ke nasabah senilai US$ 12,7 miliar atau setara Rp 202 triliun.Perintah itu merupakan keputusan dari pengadilan Amerika Serikat (AS), menurut keterangan Komisi Komoditas Berjangka AS (CFTC), dikutip dari Reuters, Jumat (9/8/2024).""FTX menarik pelanggan dengan ilusi bahwa layanannya aman dan terjamin untuk mengakses pasar kripto, kemudian menyalahgunakan simpanan pelanggan mereka untuk melakukan investasi berisiko,"" kata Ketua CFTC Rostin Behnam.Perintah pembayaran tersebut akan diselesaikan antara CFTC dan FTX."
"OJK Bikin Peta Jalan Kripto, 4 Isu Ini Jadi Fokus Utama",09 August 2024 11:04,"Jakarta, CNBC Indonesia -Otoritas Jasa Keuangan (OJK) meluncurkan peta jalan (roadmap) pengembangan dan penguatan inovasi teknologi sektor keuangan, aset keuangan digital, dan aset kripto 2024-2028."
"Rusia Legalkan Penambangan Kripto, Bitcoin Cs Kompak Menguat",09 August 2024 07:30,"Jakarta, CNBC Indonesia -Pasar kripto kompak menguat pada hari ini, Jumat (9/8/2024)."
Agenda Hari Ini Jumat 9 Agustus: Ada Peluncuran Peta Jalan Kripto,09 August 2024 06:53,"Jakarta, CNBC Indonesia -Sejumlah event dan agenda penting digelar hari ini, Jumat (9/8/2024) mulai dari pameran hingga diskusi.Agenda dan Event Hari Ini Jumat 9 Agustus 2024:1."
"Rupiah Digital Segera Terbit, BI Ungkap Jadwalnya",09 August 2024 06:40,"Jakarta, CNBC Indonesia -Gubernur Bank Indonesia (BI) Perry Warjiyo mengungkapkan jadwal Rupiah Digital diluncurkan."
"Bitcoin Buatan CIA, Fakta Bikin Kaget Diungkap Sahabat Donald Trump",08 August 2024 19:00,"Jakarta, CNBC Indonesia- Sahabat Donald Trump, Tucker Carlson, yang sempat terkenal sebagai bintang televisi berita Amerika Serikat mengaku tahu siapa pencipta Bitcoin."
"Ikuti Bursa AS, Pasar Kripto Lagi-Lagi Kompak Ambruk",08 August 2024 08:35,"Jakarta, CNBC Indonesia -Pasar kripto didominasi pelemahan pada hari ini, Kamis (8/8/2024)."
"Gara-Gara Bitcoin, Negara Kecil Ini Jadi Terkaya di Dunia",07 August 2024 08:10,"Namun, tahukah Anda ada sebuah negara kecil di Amerika Tengah yang juga menjadi kaya karena rajin mengumpulkan mata uang kripto Bitcoin?Negara itu adalah El Salvador."
"Investor Institusi Blackrock Hold Bitcoin, Pasar Kripto Menguat",07 August 2024 07:30,"Jakarta, CNBC Indonesia -Kenaikan ini terjadi setelah penurunan yang sempat terjadi cukup dalam.Merujuk dariCoinMarketCappada Rabu (7/8/2024) pukul 06:35 WIB, pasar kripto kompak naik."
"Investor Saham RI Tembus Jutaan Tapi Malas Transaksi, Gak Punya Uang?",06 August 2024 11:35,"Jakarta, CNBC Indonesia - Jumlah investor aktif di bursa saham semakin berkurang."
"Bitcoin Cs Mulai Rebound, Pasar Kripto Ada Harapan?",06 August 2024 08:25,"Jakarta, CNBC Indonesia -Pasar kripto mayoritas melemah pada hari ini, Selasa (6/8/2024)."
"Video: Ekonomi RI Tumbuh 5, 05% Hingga Bitcoin-Ethereum Ambruk",05 August 2024 20:00,"Jakarta, CNBC Indonesia -Pertumbuhan ekonomi Indonesia pada kuartal kedua 2024 tumbuh melambat dibandingkan dengan kuartal satu 2024 dan kuartal dua tahun 2023, meski masih berada di kisaran 5%.Sementara itu, nilai pasar kripto terpantau anjlok dikarenakan aksi jual besar-besaran oleh investor pada aset berisiko."
"Saham Mulai Ditinggalkan, Investor Lari ke Kripto? Bos OJK Buka Suara",05 August 2024 16:13,"Jakarta, CNBC Indonesia -Jumlah investor kripto terus bertambah dan melampaui investor saham."
"Transaksi Kripto RI Tembus Rp 301,75 T di 2024, Naik 3 Kali Lipat",05 August 2024 15:30,"Jakarta, CNBC Indonesia- Dewan Komisioner Otoritas Jasa Keuangan (OJK) pengawas pasar kripto Hasan Fawzi mengungkapkan transaksi kripto di Indonesia sepanjang tahun 2024 telah mencapai Rp 301,75 triliun."
"Bitcoin-Ethereum Ambruk, Rp 4.400 Triliun Lenyap dalam 24 Jam",05 August 2024 12:05,"Jakarta, CNBC Indonesia- Nilai pasar kripto terpantau anjlok pada Senin (5/8/204) pagi dikarenakan aksi jual besar-besaran oleh investor pada aset berisiko.Ambruknya pasar kripto dipimpin oleh penurunan bitcoin sebesar 11% dalam 24 jam terakhir dan penurunan ethereum yang ambles sebesar 21%."
"Wajib Baca, Ini Perbedaan Rupiah Digital dan Uang Elektronik",05 August 2024 11:20,"Jakarta, CNBC Indonesia- Terdengar mirip namun tak sama."
Ini Alasan Bitcoin Ambruk Ke US$ 53.000 & Ethereum Anjlok 20%,05 August 2024 09:38,"Jakarta, CNBC Indonesia- Bitcoin saat ini jatuh ke level US$ 53.000 karena kepanikan pasar dan Etherum (ETH) kembali bergerak di zona negatif."
"Gonjang-Ganjing AS Goyang Pasar Kripto, Bitcoin Ambruk ke US$ 58.000",05 August 2024 07:30,"Jakarta, CNBC Indonesia -Pasar kripto cenderung melemah pada hari ini, Senin (5/8/2024) yang didominasi akibat ketakutan perihal kondisi ekonomi Amerika Serikat (AS) hingga tindakan bank sentral AS (The Fed) yang masih belum pasti.Merujuk dariCoinMarketCappada Senin (5/8/2024) pukul 06:08 WIB, pasar kripto kompak turun."
"Berkat Bitcoin, Negara Kecil Ini Jadi yang Paling Kaya di Dunia",04 August 2024 18:45,"Jakarta, CNBC Indonesia -Kisah investor yang menjadi kaya raya gara-gara rajin mengoleksi Bitcoin sudah banyak."
"Investor Saham RI Tembus Jutaan Tapi Malas Transaksi, Gak Punya Uang?",02 August 2024 09:25,"Jakarta, CNBC Indonesia -Jumlah investor aktif di bursa saham semakin berkurang."
Pertemuan SEC dan XRP (Ripple) Bikin Pasar Kripto Memerah,02 August 2024 06:50,"Jakarta, CNBC Indonesia -Pasar kripto cenderung melemah pada hari ini, Jumat (2/8/2024) di tengah Komisi Sekuritas dan Bursa Amerika Serikat (SEC) yang menggelar pertemuan dengan pihak XRP (Ripple) secara privat.Merujuk dariCoinMarketCappada Jumat (2/8/2024) pukul 05:28 WIB, pasar kripto cenderung melemah."
"The Fed Tahan Suku Bunga, Bitcoin Cs Langsung Turun",01 August 2024 06:50,"Jakarta, CNBC Indonesia -Pasar kripto bergerak melemah pada hari ini, Kamis(1/8/2024) setelah bank sentral Amerika Serikat (AS) kembali menahan suku bunganya.Merujuk dariCoinMarketCappada Kamis (1/8/2024) pukul 04:32 WIB, pasar kripto cenderung melemah."
"Keputusan 3 Bank Sentral Dinanti Pasar, Kripto Balik Melemah",31 July 2024 08:02,"Jakarta, CNBC Indonesia -Pasar kripto bergerak melemah pada hari ini, Rabu(31/7/2024) di tengah penantian pelaku pasar perihal kebijakan bank sentral di dunia soal suku bunga pada pekan ini.Merujuk dariCoinMarketCappada Rabu (31/7/2024) pukul 04:36 WIB, pasar kripto cenderung melemah."
"Efek Donald Trump, Bitcoin Meroket ke Rp 1,1 Miliar",30 July 2024 16:35,"Jakarta, CNBC Indonesia -Bitcoin tercatat naik hingga mencapai US$69.982 (Rp 1,1 miliar) pada akhir pekan lalu, tepat usai mantan sekaligus calon Presiden AS 2024 Donald Trump menyampaikan pidatonya di Konferensi Bitcoin di Nashville."
Sederet Ambisi Besar Donald Trump untuk Kripto: Bitcoin Siap Terbang,30 July 2024 12:50,"Jakarta, CNBC Indonesia -Janji calon presiden Amerika Serikat (AS) Donald Trump dalam Bitcoin Conference 2024 memberikan angin segar bagi investor kripto.Sebelumnya pada akhir pekan lalu, Trump memberikan pidato di depan penggemar kripto."
Klarifikasi Nanovest Atas Kerugian Nasabah Rp 1 M,30 July 2024 11:15,"Jakarta, CNBC Indonesia -Pasar kripto RI sebelumnya di hebohkan dengan permasalahan kegagalan transaksi jual kripto dan penarikan dana nasabah hingga transaksi manual yang tidak dilakukan di dalam aplikasi Nanovest, yang dimiliki oleh PT Tumbuh Bersama Nano.Terkait permasalahan tersebut, pihak Nanovest telah memberikan klarifikasi dan memberikan penjelasan lengkap mengenai duduk persoalan kasus tersebut."
"Pemerintah AS Pindahkan Rp32,4 Triliun, Kripto di Zona Merah",30 July 2024 07:34,"Jakarta, CNBC Indonesia -Pasar kripto bergerak melemah pada hari ini, Selasa(30/7/2024) setelah Pemerintah Amerika Serikat (AS) memindahkan Bitcoin sebesar Rp32,4 triliun.Merujuk dariCoinMarketCappada Selasa (30/7/2024) pukul 06:27 WIB, pasar kripto cenderung melemah."
"Takut sama China, Donald Trump Mendadak Mau Timbun Bitcoin",29 July 2024 11:25,"Jakarta, CNBC Indonesia -Kandidat presiden Amerika Serikat (AS) asal Republik, Donald Trump, membuat pernyataan kontroversial terkait Bitcoin."
"Transaksi Bursa Kripto RI Bermasalah, Ada Nasabah Rugi Sampai Rp1 M",29 July 2024 09:20,"Jakarta, CNBC Indonesia -Transaksi kripto di Indonesia kini kian meningkat."
"Dibanding Bitcoin, Warren Buffett Pilih Investasi Lahan Pertanian",29 July 2024 08:30,"Jakarta, CNBC Indonesia- Bitcoin telah melonjak lebih dari enam kali lipat dalam lima tahun terakhir."
"Donald Trump Janjikan Hal Ini, Pasar Kripto Berfluktuasi",29 July 2024 07:15,"Jakarta, CNBC Indonesia -Pasar kripto bergerak mix pada hari ini, Senin (29/7/2024) setelah semangat mantan Presiden Amerika Serikat (AS) Donald Trump dalam pembuatanBitcoin reservejika ia kembali menang menjadi Presiden AS.Merujuk dariCoinMarketCappada Senin (29/7/2024) pukul 06:47 WIB, pasar kripto bergerak variataif."
"Trump Dukung Kripto, Bitcoin Langsung Loyo",28 July 2024 06:00,"Jakarta, CNBC Indonesia -Harga bitcoin turun pada akhir pekan ini, Sabtu (27/7/2024), setelah kandidat presiden dari Partai Republik AS Donald Trump mengatakan kepada penggemar mata uang kripto bahwa bitcoin akan mencapai puncaknya.Dalam pidatonya di depan penggemar kripto, dia ingin AS memimpin jalan kenaikan bitcoin."
"Konferensi Bitcoin Semakin Dekat, Pasar Kripto Sambut Euforia",27 July 2024 12:20,"Jakarta, CNBC Indonesia -Pasar kripto bergerak naik pada hari ini, Sabtu (27/7/2024) menjelangKonferensi Bitcoin 2024 di Nashville yang akan disampaikan oleh calon presiden AS, Donald Trump.Merujuk dariCoinMarketCappada Sabtu (27/7/2024) pukul 07:53 WIB, pasar kripto bergerak di teritori hijau."
"Langgar Perjanjian, Raja Kripto Dunia Didenda Rp 73 miliar",27 July 2024 06:20,"Jakarta, CNBC Indonesia -Regulator Inggris memberikan denda sebesar 3,5 juta Pound (Rp 73 miliar) kepada Coinbase Inggris karena melanggar perjanjian sukarela."
"Cari Sandi Harian Hamster Kombat, Awas Malah Rekening Terkuras",26 July 2024 13:50,"Jakarta, CNBC Indonesia- Popularitas game Hamster Kombat dimanfaatkan para hacker untuk meraup keuntungan."
"Donasi Trump Tembus Rp48 Miliar, Bitcoin Cs Kompak Terbang",26 July 2024 11:49,"Jakarta, CNBC Indonesia -Aset kripto mendadak lompat setelahdonasi jumbo mengalir kepada calon presiden AS Donald Trump.Merujuk dariCoinMarketCappada Jumat (26/7/2024) pukul 10:06 WIB, pasar kripto bergerak di teritori hijau."
"Tabungan Warga RI Terkuras Buat Judol, Bantu Pemerintah & Beli Beras",26 July 2024 10:17,"Jakarta, CNBC Indonesia -Kemampuan rumah tangga Indonesia untuk menabung semakin menurun."
Aksi Jual ETF Ethereum Bikin Kripto Loyo Tak Bertenaga,26 July 2024 06:50,"Jakarta, CNBC Indonesia -Pasar kripto bergerak turun pada hari ini, Jumat (26/7/2024) bersamaan dengan aksi jual dana yang diperdagangkan di bursa Amerika Serikat (ETF Spot Ethereum).Merujuk dariCoinMarketCappada Jumat (26/7/2024) pukul 05:56 WIB, pasar kripto cenderung bergerak melemah."
"Ethereum ETF Meluncur, Bawa Kabar Baik Buat Investor Kripto",25 July 2024 20:00,"Jakarta, CNBC Indonesia- Industri cryptocurrency membuat momen bersejarah hari ini dengan peluncuran Ethereum Exchange-Traded Fund (ETF)."
"Transaksi Kripto di RI Capai Rp 301,75 T, Naik 354,17%",25 July 2024 17:50,"Jakarta, CNBC Indonesia- Masyarakat Indonesia semakin gemar berinvestasi di aset kripto."
"Aplikasi Pengganti WhatsApp Makin Populer, Ini Alasan Ramai Pindah",25 July 2024 14:32,"Jakarta, CNBC Indonesia- Telegram makin mengejar WhatsApp dengan mencapai lebih dari 950 juta pengguna aktif pada Juli 2024."
"BTC Tak Sanggup Tembus US$ 66.000, Pasar Kripto Lanjut Turun",25 July 2024 07:30,"Jakarta, CNBC Indonesia -Pasar kripto bergerak turun pada hari ini, Kamis (25/7/2024) didorong oleh sentimen Mt."
Ramalan Robert Kiyosaki: Bitcoin Tembus US$100.000 Jika Trump Menang!,24 July 2024 07:45,"Jakarta, CNBC Indonesia -Robert Kiyosaki meramal harga emas, perak, dan Bitcoin (BTC) akan menguat."
"Pasar Kripto Lanjut Ambruk, Ini Penyebabnya",24 July 2024 06:55,"Jakarta, CNBC Indonesia -Pasar kripto bergerak turun pada hari ini, Rabu (24/7/2024) setelah dana yang diperdagangkan di bursa (ETF Ethereum) telah disetujui serta Mt."
"Memecoin Biden Anjlok 66% Usai Mundur dari Pilpres, Kamala Naik 133%",23 July 2024 14:25,"Jakarta, CNBC Indonesia- Memecoin yang terkait dengan Presiden Amerika Serikat Joe Biden, istrinya Jill, dan putranya Hunter telah turun lebih dari 60% sejak Biden secara resmi keluar dari pemilihan presiden tahun 2024.Mengutip Daily Coin, token Jeo Boden (BODEN) yang terkait dengan nama Biden merosot 66% sebagai respons langsung terhadap berita tersebut, jatuh dari harga perdagangan tertinggi hariannya di $0,02557 ke level terendah baru sepanjang masa di $0,008782.Baca:Pasar Tak Antusias Sambut ETF Ethereum, Kripto Terkoreksi""Flash crash"" meluas ke kapitalisasi pasar kripto, yang anjlok 60%, turun dari US$16,2 juta menjadi US$6,5 juta pada periode yang sama."
"Pasar Tak Antusias Sambut ETF Ethereum, Kripto Terkoreksi",23 July 2024 07:15,"Jakarta, CNBC Indonesia -Pasar kripto bergerak turun pada hari ini, Selasa (23/7/2024) pasca debut dana yang diperdagangkan di bursa (ETF Ethereum) yang relatif tenang.Merujuk dariCoinMarketCappada Selasa (23/7/2024) pukul 06:11 WIB, pasar kripto bergerak melemah."
"Donald Trump Jadi Bintang, Harga Tiket Konferensi Kripto Tembus Rp13 M",22 July 2024 18:10,"Jakarta, CNBC Indonesia- Mantan Presiden Donald Trump akan menjadi ""bintang"" saat penggalangan dana kampanye di Nashville, Tennessee."
"Jadi Calon Presiden AS Gantikan Biden, Segini Harta Kamala Harris",22 July 2024 18:00,"Jakarta, CNBC Indonesia -Presiden Amerika Serikat (AS) Joe Biden telah resmi mengundurkan diri dari pencalonan pemilihan presiden tahun ini."
"Joe Biden Dipastikan Tak Lawan Trump, Kripto Menghijau",22 July 2024 11:25,"Jakarta, CNBC Indonesia -Pasar kripto bergerak naik pada hari ini, Senin (22/7/2024) pasca mundurnya Presiden AS Joe Biden dalam kontestasi politik Presiden AS November 2024.Merujuk dariCoinMarketCappada Senin (22/7/2024) pukul 10:06 WIB, pasar kripto bergerak menguat."
"Harga Kripto Terbang Dalam Sepekan, Ternyata Gegara Ini",21 July 2024 15:45,"Jakarta, CNBC Indonesia- Pasar kripto cenderung bervariasi pada perdagangan Minggu (21/7/2024), setelah adanya pemadaman teknologi massal di dunia disebabkan gangguan pembaharuan dari perangkat lunak keamanan siber yakni CrowdStrike.Merujuk dariCoinMarketCappada hari ini pukul 13:32 WIB, Bitcoin menguat 0,23% ke US$ 66.748,24 per keping."
"Kripto Sampai Pinjol Setor Pajak Rp3,8 T Januari-Juni 2024",19 July 2024 17:45,"Jakarta, CNBC Indonesia-Direktorat Jenderal Pajak Kementerian Keuangan mencatat telah mengumpulkan Rp 25,88 triliun dari pajak sektor usaha ekonomi digital hingga 30 Juni 2024."
Polemik Joe Biden vs Donald Trump Bikin Pasar Kripto Bergerak Mix,19 July 2024 10:20,"Jakarta, CNBC Indonesia -Pasar kripto bergerak variatif pada hari ini, Jumat (19/7/2024) bersamaan dengan turunnya bursa saham Amerika Serikat (AS) pada penutupan perdagangan terakhir serta polemik yang ada di AS.Merujuk dariCoinMarketCappada Jumat (19/7/2024) pukul 05:29 WIB, pasar kripto bergerak mix."
"Bursa Saham AS Anjlok, Pasar Kripto Ikut Ambruk di Zona Merah",18 July 2024 07:30,"Jakarta, CNBC Indonesia -Pasar kripto melemah pada hari ini, Kamis (18/7/2024) bersamaan dengan turunnya bursa saham Amerika Serikat (AS) pada penutupan perdagangan terakhir.Merujuk dariCoinMarketCappada Kamis (18/7/2024) pukul 05:25 WIB, pasar kripto relatif turun."
Kominfo Blokir Akun Binance Hingga Turis Tewas di Hotel Bangkok,17 July 2024 20:15,"Jakarta, CNBC Indonesia -Kementerian Komunikasi dan Informatika memblokir akun instagram perusahaan perdagangan mata uang kripto luar negeri di RI antara lain Binance dan Binance Indonesia, Bybit dan Bybit Indonesia, Bitget Indonesia, Kucoin Exchange dan Mexc.Sementara itu, sebanyak enam orang warga negara asing ditemukan tewas bersamaan di sebuah kamar suite hotel Grand Hyatt Bangkok, Selasa kemarin."
Kominfo Blokir Medsos Kripto Hingga Spekulasi Penembakan Trump,17 July 2024 18:08,"Jakarta, CNBC Indonesia-Kementerian Komunikasi dan Informatika terpantau telah memblokir akun instagram perusahaan perdagangan mata uang kripto luar negeri di RI."
"Kominfo Blokir Medsos Kripto Binance-Kucoin, Bappebti Buka Suara",17 July 2024 12:30,"Jakarta, CNBC Indonesia- Kementerian Komunikasi dan Informatika (Kominfo) memblokir akun Instagram perusahaan perdagangan mata uang kripto luar negeri di RI, antara lain, Binance dan Binance Indonesia, Bybit dan Bybit Indonesia, Bitget Indonesia, Kucoin Exchange dan Mexc.Ketika membuka akun-akun tersebut, akan muncul tulisan ""Akun tidak tersedia di Indonesia."" Itu diikuti dengan ""Ini karena kami (Instagram) memenuhi permintaan hukum dari Kominfo untuk membatasi konten ini.""Plt."
"Harga Bitcoin Tembus Rp 1,05 Miliar, Pasar Kripto Pesta Pora",17 July 2024 11:25,"Jakarta, CNBC Indonesia- Bitcoin mencatatkan kenaikan harga lebih dari 13% dalam sepekan terakhir, mencapai angka US$64,8 ribu atau sekitar Rp1,05 miliar (asumsi kurs Rp 16.200/US$)."
"ETF Bitcoin Spot Bawa Masuk Rp 5 Triliun, Kripto Kompak Melaju",15 July 2024 07:20,"Jakarta, CNBC Indonesia -Pasar kripto menguat pada hari ini, Senin (15/7/2024) di didorong dengan besarnya arus yang masuk ke dana yang diperdagangkan di bursa Amerika Serikat (ETF Bitcoin Spot) pada Jumat pekan lalu (12/7/2024).Merujuk dariCoinMarketCappada Senin (15/7/2024) pukul 05:56 WIB, pasar kripto menguat."
"Terkuak, Pasar Online Kamboja Fasilitasi Penipuan Kripto Rp 178 T",11 July 2024 15:25,"Jakarta, CNBC Indonesia- Huione Guarantee, pasar online yang dijalankan oleh konglomerat Kamboja Huione Group, terlibat dalam memfasilitasi penipuan online di Asia Tenggara."
"Smart Money vs Dumb Money Beda Arah, Kripto Jatuh Signifikan",08 July 2024 10:40,"Jakarta, CNBC Indonesia -Pasar kripto kompak merah pada hari ini, Senin (8/7/2024) bersamaan dengan perilaku yang beragam antara investor terkhusus smart money vs dumb money.Merujuk dariCoinMarketCappada Senin (8/7/2024) pukul 09:13 WIB, pasar kripto kebakaran."
"Siap-siap, Intip 10 Koin Kripto Berpotensi Cuan di 2024",04 July 2024 14:00,"Jakarta, CNBC Indonesia- Pemulihan harga Bitcoin dan sinyal awal pembalikan arah tren harga mulai terlihat setelah rilis data inflasi indeks Harga Belanja Personal (PCE) terbaru Amerika Serikat akhir pekan lalu.Indeks PCE AS bulan Mei secara tahunan (yoy) turun menjadi 2,6% dari 2,7% di bulan April, senada dengan ekspektasi para ekonom."
Arfadia Pionir Layanan SEO dan Pemasaran Digital Kripto di Indonesia,02 July 2024 18:06,"Jakarta, CNBC Indonesia -Dalam era digital yang berkembang pesat, pemasaran digital menjadi hal yang penting dan berpengaruh yang memerlukan strategi pemasaran berbeda dari industri tradisional lainnya."
"Islamic Coin Dapat Fatwa Halal MUI Kenya, Ini Alasannya",28 June 2024 19:25,"Jakarta, CNBC Indonesia -Islamic Coin (ISLM), cryptocurrency yang sesuai dengan syariah dan diluncurkan tahun lalu, baru-baru ini telah menerima dukungan fatwa dari beberapa Dewan Syariah Nasional (DSN)."
"Dibanding Bitcoin, Warren Buffett Lebih Pilih Aset Ini",28 June 2024 09:35,"Jakarta, CNBC Indonesia- Warren Buffett telah lama dikenal dengan ketidaksukaannya terhadap Bitcoin."
"Si Kembar Winklevoss Kecam Presiden AS, Kripto Kebakaran",21 June 2024 11:35,"Jakarta, CNBC Indonesia -Pasar kripto didominasi pelemahan pada hari ini, Jumat (21/6/2024)."
Platform Investasi Ini Gelar Fase II Airdrop Gratis 3 Juta Token,20 June 2024 20:09,"Jakarta, CNBC Indonesia- Bittime, platform investasi aset kripto yang resmi terdaftar di Indonesia berhasil mencapai 1 juta partisipasi pengguna berkat rangkaian kampanye peluncuran token Palapa ($PLPA).Bertepatan dengan fenomenabullish marketyang terjadi sejak awal tahun 2024, Bittime Indonesia menggelar rangkaian kampanye dalam agenda peluncuran token Palapa."
"Produk Gabungan ETF BTC & ETH Bikin Geger, Pasar Kripto Pesta Pora",19 June 2024 11:10,"Jakarta, CNBC Indonesia -Pasar kripto cenderung menguat hari ini, Rabu (19/6/2024) pasca Hashdex mengajukan dana yang diperdagangkan di bursa (ETF) gabungan antara bitcoin dan ethereum.Merujuk dariCoinMarketCappada Rabu (19/6/2024) pukul 09:53 WIB, pasar kripto mayoritas menguat."
The Fed Pangkas Buka Cuma 1 Kali? Kripto Lanjut Terkoreksi,14 June 2024 09:05,"Jakarta, CNBC Indonesia -Pasar kripto ambles hari ini, Jumat (14/6/2024) setelah bank sentral AS (The Fed) memproyeksi pemangkasan suku bunga hanya terjadi satu kali tahun ini.Merujuk dariCoinMarketCappada Jumat (14/6/2024) pukul 07:56 WIB, pasar kripto mayoritas melemah."
"Sebut Kripto Koin Judi, Warren Buffett Punya Alasan Sendiri",11 June 2024 09:35,"Jakarta, CNBC Indonesia- Di tengah hingar-bingar mata uang kripto, investor kawakan Warren Buffett ternyata masih menganggap hal tersebut hanyalah sebuah perjudian.Ketua dan CEO Berkshire Hathaway menegaskan kembali pandangan negatifnya terhadap bitcoin dan menyebutnya sebagai ""token perjudian,"" dalam sebuah wawancara dengan Squawk Box CNBC, dikutip Selasa (11/6/2024).Baca:Negara G7 Pangkas Suku Bunga, Kripto Siap Loncat?Oracle of Omaha telah lama skeptis terhadap cryptocurrency. Padahal harga bitcoin bertahan mendekati US$30.000 setelah melonjak ke level tertinggi 10 bulan awal pekan April 2023.""Sesuatu seperti bitcoin, itu adalah token perjudian dan tidak memiliki nilai intrinsik apa pun, Tetapi hal itu tidak menghentikan keinginan orang untuk bermain roda roulette,"" kata Buffett.""Dorongan untuk berpartisipasi dalam sesuatu yang terlihat seperti mendapatkan uang dengan mudah adalah naluri manusia, Orang-orang menyukai gagasan untuk menjadi kaya dengan cepat dan saya tidak menyalahkan mereka."
"Tekanan Jual Mereda, Kripto Mulai Naik Hari Ini",10 June 2024 09:02,"Jakarta, CNBC Indonesia -Pasar kripto mayoritas menguat hari ini, Senin (10/6/2024) di tengah tekanan jual yang semakin menipis belakangan ini khususnya terhadap bitcoin.Merujuk dariCoinMarketCappada Senin (10/6/2024) pukul 08:19 WIB, pasar kripto menguat tipis."
"Regulator Kembali Berulah, Bitcoin Turun Tapi Solana Menghijau",07 May 2024 07:45,"Jakarta, CNBC Indonesia -Pasar kripto cenderung variatif hari ini, Selasa (7/5/2024) pasca Komisi Sekuritas dan Bursa Amerika Serikat (SEC) melakukan penegakan hukum.Merujuk dariCoinMarketCappada Selasa (7/5/2024) pukul 05:46 WIB, pasar kripto cenderung bergerak variatif."
"Sambut Altcoin Season 2.0, Simak 3 Koin Kripto yang Bisa Bawa Cuan",30 April 2024 11:10,"Jakarta, CNBC Indonesia -Ash Crypto, analis kripto terkenal di X menyambut kemungkinan musim Alt 2.0, menyusul lonjakan pasar Altcoin sejak Januari 2024."
"Inflasi AS Masih Panas, Bitcoin Turun 0,55% & Ethereum di Zona Hijau",29 April 2024 08:46,"Jakarta, CNBC Indonesia -Pasar kripto relatif bergerak variatif hari ini Senin (29/4/2024) akibat data inflasi Amerika Serikat (AS) masih cukup tinggi.Merujuk dariCoinMarketCappada Senin (29/4/2024) pukul 07:55 WIB, pasar kripto bergerak mix."
"Waspada! Jangan Install, Aplikasi Android Ini Bisa Bobol Rekening",28 April 2024 16:00,"Jakarta, CNBC Indonesia -Peneliti dari Trend Micro melaporkan telah menemukan 17 aplikasi berbahaya yang digolongkan sebagaidropperdan disebut DawDropper.Seluruh aplikasi 'nakal' tersebut tergolong sebagaidropperkarena mereka baru mengunduhmalwareberbahaya setelah diinstal pada perangkat untuk menghindari deteksi Google Play Protect.Setelah diinstal di ponsel, barulah aplikasi-aplikasi ini mengunduh malware berbahaya seperti Octo (Coper), Hydra, Ermac, dan TeaBot.Munculnyamalwareberbahaya tersebut bisa terjadi karena kebiasaan pengguna yang kerap mengunduh aplikasi berbahaya."
"Video: Marak Pencucian Uang Lewat Kripto, Gimana Hukum Mengungkapnya?",27 April 2024 14:50,"Jakarta, CNBC Indonesia-Presiden Joko Widodo menyoroti permasalahan tindak pidana pencucian uang (TPPU) di Indonesia yang terus berkembang dan menggunakan modus baru lewat teknologi digital termasuk aset virtual seperti kripto dan NFT, aktivitas lokapasar, electronic money, hingga kecerdasan buatan atau AI.Berdasarkan data Crypto Crime Report ada indikasi pencucian uang dari aset kripto secara global yang mencapai USD 8,6 miliar atau senilai Rp 139 triliun.Managing Partners Herzani Law Firm, Andhika P."
Menelisik Prospek Cuan di Tengah Momentum Halving Bitcoin,23 April 2024 17:55,"Jakarta, CNBC Indonesia -Halving bitcoin dinilai sebagai salah satu momentum yang penting di pasar kripto karena memberikan keuntungan bagi para investor."
"Diungkap PPATK, Begini Modus TPPU Lewat Kripto yang Disinggung Jokowi",19 April 2024 15:50,"Jakarta, CNBC Indonesia -Pusat Pelaporan dan Analisis Transaksi Keuangan (PPATK) mengungkapkan modus yang digunakan dalam tindak pidana pencucian uang (TPPU) melalui kripto."
"Jokowi Warning Pencucian Uang di Kripto Rp139 T, PPATK Lakukan Ini",19 April 2024 13:50,"Jakarta, CNBC Indonesia- Pusat Pelaporan dan Analisis Transaksi Keuangan (PPATK) menyatakan akan terus memantau kegiatan transaksi kripto."
PPATK Ungkap Pencucian Uang Lewat Kripto Sebesar Rp 800 Miliar!,19 April 2024 12:20,"Jakarta, CNBC Indonesia -Pusat Pelaporan dan Analisis Transaksi Keuangan (PPATK) menyatakan berhasil mengungkap tindak pidana pencucian uang yang dilakukan melalui aset kripto."
Video : Jokowi Ungkap Dugaan Pencucian Uang Kripto Rp 139 T,17 April 2024 20:12,"Jakarta, CNBC Indonesia- Presiden Joko Widodo meminta agar penanganan tindak pidana pencucian uang (TPPU) di Indonesia terus dioptimalkan."
"Jokowi Warning Pencucian Uang di Kripto, Bos OJK Mau Lakukan Ini",17 April 2024 20:00,"Jakarta, CNBC Indonesia -Otoritas Jasa Keuangan (OJK) menanggapi kemungkinan risiko pencucian uang lewat transaksi kripto yang tengah dikhawatirkan Presiden Joko widodo.Ketua Umum Dewan Komisioner OJK Mahendra Siregar mengatakan, saat ini pengawasan aset kripto masih dilakukan Kementerian Perdagangan (Kemendag)."
"Jokowi Beri Peringatan Modus Pencucian Uang Baru Lewat Kripto, Ngeri!",17 April 2024 16:30,"Jakarta, CNBC Indonesia -Presiden Joko Widodo (Jokowi) mengungkapkan penanganan Tindak Pidana Pencucian Uang (TPPU) harus dilakukan secara komprehensif."
"Kripto Jadi Korban Konflik Iran vs Israel, Market Cap Ambles Rp2.000 T",14 April 2024 21:15,"Jakarta, CNBC Indonesia- Kripto menjadi korban ketegangan antara Israel vs Iran."
Kripto Cs Patut Waspada! Indeks Dolar Perkasa Efek Inflasi AS Panas,11 April 2024 18:25,"Jakarta, CNBC Indonesia -Imbas dari inflasi Amerika Serikat (AS) yang masih panas, indeks dolar AS (DXY) melambung ke level 105."
"Bappebti Keluarkan Aturan Baru Buat Pedagang Aset Kripto RI, Simak!",11 April 2024 12:30,"Jakarta, CNBC Indonesia- Badan Pengawas Perdagangan Berjangka Komoditi (Bappebti) menerbitkan Surat Edaran (SE) Nomor 64/BAPPEBTI/SE/04/2024 tentang Penegasan Implementasi Penyelenggaraan Perdagangan Pasar Fisik Aset Kripto (crypto asset) di Bursa Berjangka, Jumat (5/4/2024)."
"Kripto Konsisten Naik Sepanjang 2024, Apa Sebabnya?",11 April 2024 10:10,"Jakarta, CNBC Indonesia -Aset kripto terpantau terus mengalami apresiasi beberapa waktu terakhir."
"Ekonomi Amerika Makin Panas, Dampaknya ke Aset Ini",10 April 2024 19:56,"Jakarta, CNBC Indonesia -Inflasi Amerika Serikat (AS) periode Maret 2024 mencapai 3,5% secara tahunan (yoy), lebih panas dari prediksi pasar yang proyeksi bisa melandai ke 3,4% yoy.Begitu pula dengan inflasi inti yang lebih panas dari konsensus yang memperkirakan angka 3,7% yoy."
"Investor Rusuh Tarik Dana di Kucoin, Kripto Kompak Berdarah",28 March 2024 09:31,"Jakarta, CNBC Indonesia -Pasar kripto turun hari ini (28/3/2024) di tengah masalah crypto exchange Kucoin dan berujung pada penarikan secara masif.Merujuk dariCoinMarketCappada Kamis (28/3/2024) pukul 08:36 WIB, pasar kripto cenderung bergerak melemah."
"Bitcoin Minggir, 3 Aset Kripto Ini Bisa Bawa Cuan Besar",27 March 2024 09:45,"Jakarta, CNBC Indonesia -Bitcoin dan koin kripto lainnya kembali rebound selama seminggu ke belakang."
"Bitcoin Tembus Rekor, Ini Tips Buat Para Calon Investor",22 March 2024 14:55,"Jakarta, CNBC Indonesia -Perkembangan pasar aset digital di Indonesia begitu pesat dan cukup mengesankan dalam beberapa tahun terakhir."
"USDT Dihentikan Bagi Pengguna Zona Eropa, Kripto Kompak Merah!",19 March 2024 08:12,"Jakarta, CNBC Indonesia -Pasar kripto mayoritas berada di zona merah hari ini (19/3/2024) di tengah berhentinya USDT pada crypto exchanger OKX untuk zona Eropa.Merujuk dariCoinMarketCappada Selasa (19/3/2024) pukul 06:49 WIB, pasar kripto didominasi melemah."
"Sosok Pencipta Bitcoin Satoshi Nakamoto Terbongkar, Ini Faktanya",15 March 2024 16:45,"Jakarta, CNBC Indonesia -Seorang pria bernama Craig Wright mengaku sebagai Satoshi Nakamoto."
Kripto dan Binance Dituduh Jadi Biang Kerok Mata Uang Nigeria Ambruk,13 March 2024 10:55,"Jakarta, CNBC Indonesia- Platform pertukaran mata uang kripto terbesar di dunia, Binance, dituduh menyebabkan jatuhnya mata uang Nigeria, naira."
Ini Modus Pencucian Uang Paling Populer di Indonesia,05 February 2024 13:15,"Jakarta, CNBC Indonesia- Artis kondang Raffi Ahmad dituding melakukan pencucian uang oleh Hanifa Sutrisna yang merupakan Ketua Umum DPP National Corruption Watch (NCW) dalam siaran di akun TikTok @nasionalcorruption.Merespons hal tersebut, Raffi Ahmad secara tegas membantah soal tudingan pencucian uang.""Jelas saya katakan tidak benar adanya,"" ujar Raffi Ahmad saat ditemui di kawasan BSD, Tangerang Selatan, dikutip dari Detikcom, Senin (5/2/2024).Lalu apa sebenarnya definisi pencucian uang?Mengutip laman Otoritas Jasa Keuangan (OJK), tindakan pidana pencucian uang atau TPPU adalah muncul pertama kali pada tahun 1920 di Amerika Serikat.Secara sederhana tindak pidana tersebut merupakan upaya menyembunyikan atau menyamarkan uang atau dana yang diperoleh dari suatu aksi kejahatan atau hasil tindak pidana sehingga seolah-olah tampak menjadi harta kekayaan yang sah."
Warren Buffett Sebut Kripto Koin Judi,24 January 2024 11:40,"Jakarta, CNBC Indonesia- Tidak semua orang mempercayai janji-janji mata uang digital."
"Catat, inI 7 Faktor yang Mempengaruhi Harga Kripto",04 January 2024 13:45,"Jakarta, CNBC Indonesia -Volatilitas pasar yang tinggi telah menjadi ciri khas mata uang kripto."
"Lika-Liku Kripto di 2023, BTC Sentuh Rekor 1,5 Tahun Terakhir",30 December 2023 12:00,"Jakarta, CNBC Indonesia -Sepanjang 2023, pasar kripto mengalami fluktuasi harga bak roller coaster."
Cerita 3 Bank Kripto Kompak Bangkrut Dalam Sepekan,27 December 2023 19:45,"Jakarta, CNBC Indonesia- Awal tahun 2023 sistem keuangan global diguncang oleh runtuhnya Silicon Valley Bank (SVB) dan menambah sengsara pasar kripto yang sebelumnya terpukul oleh kebangkrutan Silvergate, pemberi pinjaman kepada pebisnis kripto AS."
2 Sentimen Ini Diprediksi Bawa Angin Segar Bagi Kripto,14 December 2023 14:00,"Jakarta, CNBC Indonesia- Keputusan The Fed dan potensi akan disetujuinya ETF Bitcoin Spot dianggap bisa membawa kripto dalam tren naik signifikan di Januari 2024 mendatang."
"Gegara FTX Mulai Likuidasi Aset, Pasar Kripto Ambruk",30 November 2023 14:20,"Jakarta, CNBC Indonesia -Pasar kripto bergerak di teritori negatif dalam 24 jam terakhir setelah FTX mendapat persetujuan untuk likuidasi asetnya.Merujuk dariCoinMarketCappada Kamis (30/11/2023) pukul 13.31 WIB, pasar kripto mayoritas melemah."
Dari Mana Sumber Dana Hamas? Ini Hasil Penyelidikan Israel,29 November 2023 20:00,"Daftar IsiUang dari IranHawalaMata uang kriptoJakarta, CNBC Indonesia- Penyelidikan keuangan Hamas yang dilakukan Israel menyebut sumbangan kepada badan-badan amal yang terkait dengan kelompok asal Palestina itu telah mengalami peningkatan signifikan selama serangan sejak 7 Oktober.""Kami melihat peningkatan sebesar 70% dalam dana yang diberikan kepada badan amal yang terkait dengan Hamas,"" kata Uzi Shaya, mantan perwira tinggi di Mossad, badan intelijen Israel, seperti dikutipCNBC International.Sementara itu, menurut pejabat Pertahanan dan Kementerian Luar Negeri Israel yang tidak ingin disebutkan namanya dengan alasan sensitivitas, jumlah ini setara dengan peningkatan sekitar US$100 juta (Rp1,5 triliun) dalam tujuh minggu terakhir jika dihitung dalam jumlah dolar murni.Baca:AS Tiba-Tiba 'Bela' Hamas, Bilang BeginiKlaim jumlah uang yang mengalir ke badan amal yang terkait dengan Hamas tidak dapat dikonfirmasi secara independen."
"Duh, Kasus Cuci Uang Bos Binance Bikin Investor Kripto Panik",24 November 2023 13:55,"Jakarta, CNBC Indonesia- Kasus pencucian uang yang dilakukan pendiri Binance Changpeng Zhao (CZ) diproyeksikan akan berdampak pada penurunan optimisme investor kripto.Crypto Analyst Reku, Fahmi Almuttaqin mengatakan potensi menurunnya optimisme investor juga disebabkan oleh nominal denda yang dituntut kepada Binance atas permasalahan ini.Baca:Kisruh Binance Bikin Investor Kompak Pindahkan Aset KriptoDiketahui, Binance sebagai exchange juga akan membayar denda sebesar USD 4,3 miliar, yang merupakan nominal denda terbesar yang pernah dikenakan kepada sebuah perusahaan sepanjang sejarah Kementerian Keuangan AS.""Investor dapat menginterpretasikan berita tersebut sebagai opportunity loss bagi pasar kripto mengingat Binance merupakan salah satu investor institusi terbesar yang cukup banyak berinvestasi di proyek-proyek kripto,"" kata Fahmi dalam keternagan resmi, dikutip Jumat, (24/11/2023).Pasar kripto pun juga sempat mengalami bearish setelah adanya berita tersebut."
Lengkap! Begini Jatuh Bangun Harga Bitcoin Sejak 2009-2023,23 November 2023 10:25,"Jakarta, CNBC Indonesia- Bitcoin (BTC) bisa dibilang masih seumuran remaja karena baru diluncurkan pada 2009 oleh Satoshi Nakamoto."
